,user.flair,0,1,2,3,4,5,6,7,8,9
0,libcenter,2.331055028689395,-0.24705370973552782,1.232630172169145,2.287062008693384,0.6840693485727841,-0.6043782319839301,-0.007337524304388776,0.11867868149274852,0.8612244124687729,0.609882636975977
1,libcenter,1.3333013321746012,1.5289049352724233,0.2114799516721057,-0.5626314503945322,-0.2900757506142475,0.05165922787009189,-0.5817623100139071,-0.06609799523843912,0.2830941991782482,0.30347266318385835
2,authright,0.4568533388903063,0.40205981087702586,0.3471719218965569,-0.06588596988623885,-0.0029575329564100134,0.14994512147438924,0.17791651091460195,0.024124295738101664,-0.14280848714137662,-0.16396280025662333
3,libright,0.6406196963321193,0.6218101991127241,0.6880478762112612,-0.03495759238669861,-0.14910085399736248,0.48168716953268104,0.5756160124700322,-0.28213734216918923,0.38796021477182585,-0.3882046223250315
4,centrist,0.6904285512546401,0.4005857143215946,0.04744051871156624,0.011329089023794633,-0.09893374031616471,0.04138122777850067,0.28469000467108796,0.034059106322251786,-0.3403395954524142,-0.4085794955853817
5,right,1.3102189413929244,0.9781293023208599,-0.09096969348468495,-0.15756984381529765,-0.5504332352548583,1.124575777470344,-0.3805378635138737,-0.9972034215469086,0.5951038355955471,0.46787241126175944
6,left,1.441343853397262,0.5958749331265057,0.9973814877273618,0.18266813287722933,-0.9327386307886156,0.025005604240040776,0.6775191648364042,0.6863044017771149,-0.24245510212540883,0.8413869732981804
7,authright,1.2698192768752823,-0.5526164694942115,1.3172121922777886,0.18681340017838138,-0.11809444569473149,0.47420033831210673,-0.20842161242005905,-0.373251147469561,-0.619356769412054,-0.43216839233269944
8,authright,2.669333667799969,-1.7746842659666233,1.3922899367249078,-0.8765084799046177,1.1381665541528685,0.42907702760992117,-0.6799518704004333,0.6060237832955399,0.3327169532778268,0.38166364267841063
9,libleft,3.875767186653836,-0.4698343159241063,-1.3136559419213867,0.37184459746214243,-0.031063398404240675,0.5507238642022724,-0.23099626072367688,0.23854644762948277,0.9843355846951829,-0.8392963612897605
10,libleft,0.9490858866390837,0.8002810298043161,0.15247696236261685,-0.44630751570349114,-0.3286822331610251,0.10362974192026822,-0.3357488325422562,0.5338677617818631,0.013732647762298461,-0.2523104206827145
11,libcenter,0.8260762836050944,0.694361270727564,0.9126424599823804,0.005526434175353723,0.4102096664629751,0.250553564018987,-0.08378458208546086,-0.4774896777229962,0.19400278003425175,-0.49004127325393754
12,libright,1.839449862092609,1.3707638544894722,-0.45226761802580034,-0.6071758101970441,-0.18012638918974194,-0.801188861818343,-0.05186199220218579,0.1082943527275673,0.6374285493422183,-0.29987533364354485
13,authcenter,0.8511460009525,0.6406707504717102,0.4182133411034713,-0.5066645183567383,-0.25113175495029416,-0.1835818644456174,-0.14862062485816066,0.843668876981861,-0.6923690642807856,-0.4008114146210258
14,left,0.9784713422845451,0.2253924882202964,1.4111852207956372,-0.06654683932963781,-0.8173208594653159,0.8845211515809082,-0.09271234502201299,-0.9305389749973999,-0.6086760478999039,-0.12124618666722331
15,right,1.8136814639325511,0.24582351294569713,0.3140566588740777,1.213501142650143,0.05143261131211813,-0.04066905765251782,-0.4202186735983148,0.9367340538639747,-0.7847585018449464,-0.953359047682911
16,authleft,1.647926296839916,0.7923834092247154,-0.808964189118061,1.3623669656327637,0.4108681949777222,-0.39965198100792876,0.7725377674847369,-0.6266289769755689,-1.016665759528808,-0.027158823653409582
17,centrist,3.5398476316300767,-0.8748763573090622,-1.1605775823399962,-0.6400280333520988,1.2349400606508634,0.6751941916218485,0.3963249851529486,-0.4629610784766991,-1.0023629241098175,0.6042571135816269
18,libright,1.0863246729686766,0.7970865126804021,0.1151181851398916,-0.7050946793749183,0.4505816044151901,0.35729670949492764,-0.2321057479102711,0.7731164919200234,-0.20589574785991305,-0.0669406903028297
19,centrist,3.7562680357823353,-1.1498224057178894,-0.027002804868124158,-0.17384580890279305,-1.3727653211124526,-1.451501411191805,-0.9937119229970912,-0.895884439095277,-0.26804074870651295,-0.14489876182240488
20,authcenter,0.9332398269028295,0.7705021579888911,0.24108364512316022,-0.38742471853078325,0.2644715117822657,-0.27591442604034555,-0.09662636336199171,-0.42201752892160227,-0.017348788164830806,0.36890771589874977
21,authcenter,0.7764580779657735,0.5711788256971474,0.32151016042614755,-0.35603883445961276,-0.05234731892561618,0.04932581492410233,0.022832043061730284,0.5513088875145262,-0.2896503488485439,-0.15700125781193403
22,centrist,2.537854762540728,0.79927982394726,-1.509426315395161,0.7031866609170259,-0.22287174308843466,0.8282180299319605,-0.4111171957185362,0.3966925757167661,0.029068659143387576,0.33379055823378695
23,libcenter,2.6932607405223106,-1.1442789255312462,-0.19093786563559972,-1.1130501253529037,-0.9392718668357734,-0.4214565751753289,1.6435312997819314,0.35548910361854413,0.27110294264884527,-0.01889846113779654
24,right,1.1666633832393025,0.2095648886358237,0.4803404236810766,0.5262153916303243,-0.6436607761642743,0.41773839107698874,1.1302633548450771,0.3451741958483074,0.2353903432016282,0.5553573269864533
25,right,0.9076084515128798,0.4409096694590653,0.5677017181303142,-0.3905201281790343,1.1661852640867607,-0.19321695056396368,1.0131580959135904,-0.6779082837436171,0.5015369361970525,-1.1964730234991459
26,libright,1.4796120317332782,1.5020619365102257,0.294583274519737,-0.7227999216958375,1.1352932278536445,-1.1159671856601243,-0.09073635353862775,-0.1353304838831565,-0.17333843881715022,0.7187848105478405
