,Feature,Value,Feature,Value,Feature,Value,Feature,Value,Feature,Value,Feature,Value,Feature,Value,Feature,Value,Feature,Value,Feature,Value
0,PoliticalCompassMemes,0.2082621756440936,okbuddyretard,0.18090349632009514,Wellthatsucks,0.10816095489646377,gaming,0.15922134262072773,ToiletPaperUSA,0.15852186478700905,HistoryMemes,0.294724015696952,PrequelMemes,0.18991365966015514,4chan,0.13535248416321088,pcmasterrace,0.2039232958145892,AmItheAsshole,0.1928056567096543
1,AskReddit,0.19358856423604762,teenagers,0.14738888670159192,Unexpected,0.09817580257300221,Showerthoughts,0.13987266401443973,Gamingcirclejerk,0.14486964583093842,MapPorn,0.22734244161732015,gaming,0.14704980555333222,ActualPublicFreakouts,0.11494554644661031,buildapc,0.14409606909950168,unpopularopinion,0.16029336897133695
2,pics,0.13699828581380288,196,0.13794835809257863,WatchPeopleDieInside,0.09651661820114932,mildlyinteresting,0.12484177891870529,TheRightCantMeme,0.14351851658613823,vexillology,0.17603611498693258,Gamingcirclejerk,0.12954726843046668,HistoryMemes,0.10710066014390564,Minecraft,0.12860440868901835,AskMen,0.15553578027815104
3,memes,0.13605055354018747,copypasta,0.12026726606288421,oddlysatisfying,0.09641388143522213,funny,0.10096154637792722,SelfAwarewolves,0.1297276883771862,PrequelMemes,0.16642850309415708,memes,0.12341266768194932,WTF,0.10274097513807738,NoStupidQuestions,0.12530523101584193,relationship_advice,0.14208171455360177
4,dankmemes,0.13006632208860083,comedyheaven,0.11736574006156823,mildlyinfuriating,0.0945696673239911,pcmasterrace,0.10088602689934714,ENLIGHTENEDCENTRISM,0.11716951951804272,europe,0.16540502299586282,dankmemes,0.12187457144642362,greentext,0.10064459331963323,ProgrammerHumor,0.12486277936040475,HistoryMemes,0.11710489366261874
5,unpopularopinion,0.12987273229893465,HistoryMemes,0.11392756119919821,Damnthatsinteresting,0.09110007650525435,gifs,0.100725935768256,DankLeft,0.10192399860112966,imaginarymaps,0.1302828545484028,pcmasterrace,0.11950978102135738,cyberpunkgame,0.09282541778185237,pcgaming,0.10137190497260636,TrueOffMyChest,0.11292710956100177
6,gaming,0.12600822277337378,PewdiepieSubmissions,0.11379429272701447,Whatcouldgowrong,0.0910808526561497,thanosdidnothingwrong,0.09969248844211338,ABoringDystopia,0.09738317979488648,polandball,0.12319325388086201,dndmemes,0.11926607848703566,dogelore,0.09166201392435505,techsupport,0.10061486021904582,PrequelMemes,0.11231018263594289
7,funny,0.123736115215844,blursedimages,0.11220204265591514,TIHI,0.08777033936839936,videos,0.096978434151777,LateStageCapitalism,0.09519944012328327,hoi4,0.1184720979155154,ShitPostCrusaders,0.11419425250803159,PrequelMemes,0.0856793304205004,wallstreetbets,0.09222192988583919,PoliticalCompassMemes,0.10992004187946877
8,politics,0.12184360877140168,dogelore,0.111557624911281,therewasanattempt,0.08678043321740314,Jokes,0.0914533828841098,SubredditDrama,0.09099897656018648,memes,0.10449733721887777,StarWars,0.11013089209468924,PublicFreakout,0.08504169464299897,softwaregore,0.08776467502274334,NoStupidQuestions,0.10616755403706411
9,worldnews,0.12156488276394457,cursedcomments,0.10858718669547798,blackmagicfuckery,0.08221933305400084,explainlikeimfive,0.09045199253842064,TopMindsOfReddit,0.08633325136142521,eu4,0.10385061363449405,marvelstudios,0.10508048903114496,fightporn,0.08466541849202888,explainlikeimfive,0.08519358168567678,DnD,0.10334593205114917
10,desenhos,0.0,gifs,-0.0996921507087206,memes,-0.0819971238692003,awfuleverything,-0.11037010481670978,Unexpected,-0.09853089245844786,pcmasterrace,-0.08741055870870251,PoliticalCompass,-0.07165755544016515,wholesomememes,-0.10290740249699676,im14andthisisdeep,-0.09335886397070248,news,-0.09681757659851357
11,u_SPDXYT,0.0,nottheonion,-0.1066221618617419,PoliticalCompass,-0.08209681407129726,politics,-0.11570931685994816,HolUp,-0.1006713242570671,copypasta,-0.08817714588581632,askscience,-0.072155744004208,Jokes,-0.10959458121966947,OldSchoolCool,-0.09521583793711008,196,-0.09701866763525926
12,blooksbattlegrounds,0.0,movies,-0.11355295401131307,unpopularopinion,-0.09195784463903184,ToiletPaperUSA,-0.1207670164880395,Whatcouldgowrong,-0.10474153532332187,buildapc,-0.08888039035759533,pics,-0.07299247263488998,NoStupidQuestions,-0.1208133102674476,ComedyCemetery,-0.09640067299514625,memes,-0.09709833942067415
13,demohoi4legislature,0.0,technology,-0.11969755077431764,news,-0.1015917290818469,SelfAwarewolves,-0.12144402355859321,cursedcomments,-0.12641019933560543,averageredditor,-0.09175213880304053,WTF,-0.0753372318832181,AskOuija,-0.13099094943352896,gifs,-0.0964315938639588,dataisbeautiful,-0.10250993858652917
14,u_Boioioiiii,0.0,science,-0.12582199498496344,dankmemes,-0.10425334129121096,unpopularopinion,-0.12314433571833877,interestingasfuck,-0.1282870724264394,ActualPublicFreakouts,-0.09544927834868677,dataisbeautiful,-0.07631958211460474,memes,-0.13112661482627758,pics,-0.105524959774132,pics,-0.10256438037806458
15,u_krurran,0.0,politics,-0.12806117267651987,worldnews,-0.13476060462235664,iamatotalpieceofshit,-0.1329559652543931,AskReddit,-0.13163422876827355,unpopularopinion,-0.09793508159686201,todayilearned,-0.08070748290326016,AmItheAsshole,-0.1473543646849972,movies,-0.10552883726588516,technology,-0.10903605399689703
16,savedbykru,0.0,videos,-0.13477613484925274,politics,-0.15166235864257513,Cringetopia,-0.139180411911405,dankmemes,-0.132216381260393,WatchRedditDie,-0.09830349828265028,explainlikeimfive,-0.09036840181154876,AskReddit,-0.15152357959191726,HistoryMemes,-0.11313859928971667,comedyheaven,-0.11426879644968095
17,pweeple,0.0,todayilearned,-0.14152991247883553,HistoryMemes,-0.17308009247364253,PoliticalHumor,-0.14181635670752893,nextfuckinglevel,-0.149161730907134,wallstreetbets,-0.10314760439104582,MapPorn,-0.11111960155611493,teenagers,-0.16086660010548684,trashy,-0.11992250430739128,okbuddyretard,-0.12921135757006277
18,DrDrew,0.0,worldnews,-0.15202273734456181,AskReddit,-0.25658947866258525,TheRightCantMeme,-0.17061541883493822,PoliticalCompassMemes,-0.18070955591750187,Cringetopia,-0.12270579254899376,vexillology,-0.11456493707817592,unpopularopinion,-0.17513403781036474,PrequelMemes,-0.12021793957208397,me_irl,-0.13439865092614114
19,superjunior,0.0,news,-0.16071869952085238,PoliticalCompassMemes,-0.37665531936191204,PublicFreakout,-0.17138776484384138,memes,-0.20770825798872414,okbuddyretard,-0.1294167466647965,mildlyinteresting,-0.11648126670630282,Showerthoughts,-0.19427626653292016,BlackPeopleTwitter,-0.12912346743502437,dankmemes,-0.14732191761703103
